<?xml version="1.0" encoding="UTF-8"?>
<conversion>
  <applied-converters>
    <converter id="PythonTestConverterProvider" />
  </applied-converters>
  <project-files>
    <file path="/workspace/external/.idea/codeStyles/codeStyleConfig.xml" timestamp="1561517767651" />
    <file path="/workspace/external/.idea/external.iml" timestamp="1561599982865" />
    <file path="/workspace/external/.idea/inspectionProfiles/Project_Default.xml" timestamp="1561411214347" />
    <file path="/workspace/external/.idea/misc.xml" timestamp="1561598304257" />
    <file path="/workspace/external/.idea/modules.xml" timestamp="1561605196673" />
    <file path="/workspace/external/.idea/saveactions_settings.xml" timestamp="1561411046231" />
    <file path="/workspace/external/.idea/vcs.xml" timestamp="1561411046223" />
    <file path="/workspace/external/.idea/workspace.xml" timestamp="1561600199373" />
  </project-files>
</conversion>

