<application>
  <component name="DimensionService">
    <location key="SettingsEditor.0.0.1920.975" x="420" y="75" />
    <location key="FileChooserDialogImpl.0.0.1920.975" x="741" y="188" />
    <location key="SettingsEditor.0.0.1680.1028" x="314" y="75" />
    <location key="FileChooserDialogImpl.0.0.1920.1080" x="743" y="198" />
    <location key="WELCOME_SCREEN.0.0.1920.1080" x="960" y="440" />
    <location key="com.intellij.ide.util.TipDialog.0.0.1920.1080" x="631" y="348" />
    <location key="SettingsEditor.0.0.1920.1080" x="481" y="244" />
    <size key="SettingsEditor.0.0.1920.975" width="1074" height="706" />
    <size key="SettingsEditor.0.0.1680.1028" width="1042" height="702" />
    <size key="FileChooserDialogImpl.0.0.1920.1080" width="424" height="486" />
    <size key="SettingsEditor.0.0.1920.1080" width="1042" height="712" />
  </component>
</application>