<application>
  <component name="ProjectJdkTable">
    <jdk version="2">
      <name value="Python 3.5" />
      <type value="Python SDK" />
      <version value="Python 3.5.2" />
      <homePath value="/usr/bin/python3.5" />
      <roots>
        <classPath>
          <root type="composite">
            <root url="file:$APPLICATION_HOME_DIR$///usr/lib/python3.5" type="simple" />
            <root url="file:$APPLICATION_HOME_DIR$///usr/lib/python3.5/plat-x86_64-linux-gnu" type="simple" />
            <root url="file:$APPLICATION_HOME_DIR$///usr/lib/python3.5/lib-dynload" type="simple" />
            <root url="file:$APPLICATION_HOME_DIR$///usr/local/lib/python3.5/dist-packages" type="simple" />
            <root url="file:$APPLICATION_HOME_DIR$///usr/lib/python3/dist-packages" type="simple" />
            <root url="file:$APPLICATION_HOME_DIR$//$USER_HOME$/.PyCharmCE2019.1/system/python_stubs/-1247971764" type="simple" />
            <root url="file:$APPLICATION_HOME_DIR$///helpers/python-skeletons" type="simple" />
            <root url="file:$APPLICATION_HOME_DIR$///helpers/typeshed/stdlib/3" type="simple" />
            <root url="file:$APPLICATION_HOME_DIR$///helpers/typeshed/stdlib/2and3" type="simple" />
            <root url="file:$APPLICATION_HOME_DIR$///helpers/typeshed/third_party/3" type="simple" />
            <root url="file:$APPLICATION_HOME_DIR$///helpers/typeshed/third_party/2and3" type="simple" />
          </root>
        </classPath>
        <sourcePath>
          <root type="composite" />
        </sourcePath>
      </roots>
      <additional />
    </jdk>
  </component>
</application>