<application>
  <component name="PropertiesComponent">
    <property name="KEYMAP" value="refactor&#10;delete line" />
    <property name="PyCharm.InitialConfiguration" value="true" />
    <property name="PyCharm.InitialConfiguration.V2" value="true" />
    <property name="PyCharm.InitialConfiguration.V3" value="true" />
    <property name="PyCharm.InitialConfiguration.V4" value="true" />
    <property name="PyCharm.InitialConfiguration.V5" value="true" />
    <property name="PyCharm.InitialConfiguration.V6" value="true" />
    <property name="PyCharm.InitialConfiguration.V7" value="true" />
    <property name="PyCharm.initialConfigurationShown" value="true" />
    <property name="SettingsSearchHistory" value="inte&#10;plugin&#10;key" />
    <property name="TrendingPluginsSearchHistory" value="save" />
    <property name="ask.about.ctrl.y.shortcut" value="true" />
    <property name="fileTypeChangedCounter" value="1" />
    <property name="tasks.pass.word.conversion.enforced" value="true" />
  </component>
</application>