<application>
  <component name="ProjectManager">
    <defaultProject>
      <component name="ProjectRootManager" version="2" project-jdk-name="Python 3.5" project-jdk-type="Python SDK" />
      <component name="PropertiesComponent">
        <property name="settings.editor.selected.configurable" value="com.jetbrains.python.configuration.PyActiveSdkModuleConfigurable" />
      </component>
      <component name="SaveActionSettings">
        <option name="actions">
          <set>
            <option value="activate" />
            <option value="activateOnShortcut" />
            <option value="noActionIfCompileErrors" />
            <option value="organizeImports" />
            <option value="reformat" />
            <option value="rearrange" />
          </set>
        </option>
      </component>
    </defaultProject>
  </component>
</application>