<application>
  <component name="RecentDirectoryProjectsManager">
    <option name="recentPaths">
      <list>
        <option value="/workspace/external" />
      </list>
    </option>
    <option name="openPaths">
      <list>
        <option value="/workspace/external" />
      </list>
    </option>
    <option name="lastPath" value="/workspace/external" />
    <option name="pid" value="" />
    <option name="additionalInfo">
      <map>
        <entry key="/workspace/external">
          <value>
            <RecentProjectMetaInfo>
              <option name="build" value="PC-191.6183.50" />
              <option name="productionCode" value="PC" />
              <option name="binFolder" value="//bin" />
              <option name="projectOpenTimestamp" value="1561516725563" />
              <option name="buildTimestamp" value="1553005355392" />
            </RecentProjectMetaInfo>
          </value>
        </entry>
      </map>
    </option>
  </component>
</application>