<application>
  <component name="FileBasedIndex">
    <option name="registeredIndices">
      <list>
        <option value="bash.includers" />
        <option value="bash.included" />
        <option value="bash.script.name" />
        <option value="bash.function.name" />
        <option value="markdown.header" />
        <option value="properties.index" />
        <option value="Py.class.attributes" />
        <option value="Python.Decorator" />
        <option value="Py.variable.shortName" />
        <option value="Py.class.super" />
        <option value="Py.function.shortName" />
        <option value="Py.class.shortNameInsensitive" />
        <option value="Py.class.shortName" />
        <option value="dom.elementClass" />
        <option value="dom.namespaceKey" />
        <option value="bash.var" />
        <option value="bash.vardef" />
        <option value="bash.scriptCommandReference" />
      </list>
    </option>
  </component>
</application>